{"inputUnits":[34],"outputUnits":4,"inputs":{"0":{"dtype":"number","min":435.20167978186356,"max":638.0600030798661},"1":{"dtype":"number","min":55.798460307874166,"max":386.4307712253771},"2":{"dtype":"number","min":443.82191858793556,"max":649.1072132712916},"3":{"dtype":"number","min":49.07698116804423,"max":369.57985627023794},"4":{"dtype":"number","min":431.4194473467375,"max":631.7325436441522},"5":{"dtype":"number","min":50.11577907361482,"max":378.49249588815786},"6":{"dtype":"number","min":455.3814817729749,"max":660.6107571250514},"7":{"dtype":"number","min":56.10565085160104,"max":364.57305908203125},"8":{"dtype":"number","min":418.77278980455895,"max":653.1906629863538},"9":{"dtype":"number","min":55.70881492213198,"max":373.92062237388205},"10":{"dtype":"number","min":460.7961293270713,"max":664.7473977741441},"11":{"dtype":"number","min":100.6605439437063,"max":415.96962602514964},"12":{"dtype":"number","min":415.3881645202637,"max":669.1975578508878},"13":{"dtype":"number","min":97.29848359760484,"max":420.62077170924135},"14":{"dtype":"number","min":430.2420922329551,"max":720.735912322998},"15":{"dtype":"number","min":84.89146583958674,"max":471.16842370284223},"16":{"dtype":"number","min":364.14720183924624,"max":687.7727568776984},"17":{"dtype":"number","min":87.57459740889698,"max":473.0927828738563},"18":{"dtype":"number","min":369.6148820927268,"max":770.7450502797177},"19":{"dtype":"number","min":65.75037203337016,"max":538.8828739367033},"20":{"dtype":"number","min":281.8967176738538,"max":663.2880240992496},"21":{"dtype":"number","min":70.52533601459703,"max":537.1594077662418},"22":{"dtype":"number","min":451.84434790360297,"max":641.2201142311096},"23":{"dtype":"number","min":223.83647667734243,"max":614.7358462685032},"24":{"dtype":"number","min":408.30065400976883,"max":607.4397931600871},"25":{"dtype":"number","min":196.41861765008224,"max":618.5818729902568},"26":{"dtype":"number","min":468.0686933115909,"max":624.7836745412726},"27":{"dtype":"number","min":337.5103840075041,"max":806.9217380724455},"28":{"dtype":"number","min":370.6567248545195,"max":602.5026823344983},"29":{"dtype":"number","min":336.68360459177114,"max":788.5859479402241},"30":{"dtype":"number","min":500.61592955338324,"max":613.0027565203214},"31":{"dtype":"number","min":430.87530638042244,"max":956.1663419321962},"32":{"dtype":"number","min":363.78980536209906,"max":591.7173987940738},"33":{"dtype":"number","min":429.0783089085629,"max":960.9805719475996}},"outputs":{"0":{"dtype":"string","min":0,"max":1,"uniqueValues":["Namaste","Dab","Random T","Warrior2"],"legend":{"Namaste":[1,0,0,0],"Dab":[0,1,0,0],"Random T":[0,0,1,0],"Warrior2":[0,0,0,1]}}},"isNormalized":true}