{"inputUnits":[34],"outputUnits":4,"inputs":{"0":{"dtype":"number","min":359.47209709569023,"max":705.9170106837623},"1":{"dtype":"number","min":59.43165728920383,"max":545.4051996532239},"2":{"dtype":"number","min":400.60812197233497,"max":720.305407674689},"3":{"dtype":"number","min":28.950864892256874,"max":505.08974677638},"4":{"dtype":"number","min":329.9675720616391,"max":700.7584883037366},"5":{"dtype":"number","min":28.425284937808385,"max":504.2555377357884},"6":{"dtype":"number","min":451.3740750362998,"max":740.529131481522},"7":{"dtype":"number","min":47.945609500533635,"max":467.9279166773746},"8":{"dtype":"number","min":297.32269638463066,"max":696.9758124100534},"9":{"dtype":"number","min":42.54019235309801,"max":484.544042035153},"10":{"dtype":"number","min":491.65865747552164,"max":771.7558120426378},"11":{"dtype":"number","min":185.04354589863823,"max":529.6494393599661},"12":{"dtype":"number","min":261.13650723507527,"max":764.6744276347913},"13":{"dtype":"number","min":189.05387225903962,"max":568.0982529489618},"14":{"dtype":"number","min":531.358124582391,"max":899.485047992907},"15":{"dtype":"number","min":94.27957635176807,"max":598.7764980918482},"16":{"dtype":"number","min":220.02452248021174,"max":858.6645186574835},"17":{"dtype":"number","min":142.3691237600226,"max":743.1622354607832},"18":{"dtype":"number","min":417.3600909584447,"max":965.1645278930664},"19":{"dtype":"number","min":-0.694222701223282,"max":649.3994848351729},"20":{"dtype":"number","min":199.7680704217208,"max":921.7457711069206},"21":{"dtype":"number","min":11.870382208573176,"max":802.4043022958855},"22":{"dtype":"number","min":388.10518365157276,"max":746.6948664815802},"23":{"dtype":"number","min":379.78843237224373,"max":781.0915992134495},"24":{"dtype":"number","min":269.13272656892474,"max":735.6573285554584},"25":{"dtype":"number","min":375.25293350219727,"max":797.8437237990529},"26":{"dtype":"number","min":342.28534196552476,"max":752.3694560402317},"27":{"dtype":"number","min":493.49261986581894,"max":916.3273685856868},"28":{"dtype":"number","min":264.3026075865093,"max":767.2886406747918},"29":{"dtype":"number","min":500.72673897994184,"max":926.4038675709774},"30":{"dtype":"number","min":329.34863692835756,"max":752.1500286303068},"31":{"dtype":"number","min":617.308030128479,"max":962.9340784173262},"32":{"dtype":"number","min":264.9966536070171,"max":784.7828955399362},"33":{"dtype":"number","min":609.3570006521124,"max":962.87498072574}},"outputs":{"0":{"dtype":"string","min":0,"max":1,"uniqueValues":["Y","C","M","A"],"legend":{"Y":[1,0,0,0],"C":[0,1,0,0],"M":[0,0,1,0],"A":[0,0,0,1]}}},"isNormalized":true}